source,target,ligand,receptor,prob,pval,interaction_name,interaction_name_2,pathway_name,annotation,evidence
Astrocyte,Microglia,TGFB2,TGFbR1_R2,0.011244163738642897,0,TGFB2_TGFBR1_TGFBR2,TGFB2 - (TGFBR1+TGFBR2),TGFb,Secreted Signaling,KEGG: hsa04350
Astrocyte,Astrocyte,NRG3,ERBB4,0.41263791064511285,0,NRG3_ERBB4,NRG3 - ERBB4,NRG,Secreted Signaling,KEGG: hsa04012
Endothelial,Astrocyte,NRG3,ERBB4,0.08594498354315303,0,NRG3_ERBB4,NRG3 - ERBB4,NRG,Secreted Signaling,KEGG: hsa04012
Astrocyte,Oligodendrocyte,NRG3,ERBB4,0.2766232378057977,0,NRG3_ERBB4,NRG3 - ERBB4,NRG,Secreted Signaling,KEGG: hsa04012
Endothelial,Oligodendrocyte,NRG3,ERBB4,0.048689080326983186,0,NRG3_ERBB4,NRG3 - ERBB4,NRG,Secreted Signaling,KEGG: hsa04012
Astrocyte,Astrocyte,PTN,PTPRZ1,0.029182917026895166,0,PTN_PTPRZ1,PTN - PTPRZ1,PTN,Secreted Signaling,PMID: 28356350; PMID: 25620911
Pericyte,Astrocyte,PTN,PTPRZ1,0.04209717189964245,0,PTN_PTPRZ1,PTN - PTPRZ1,PTN,Secreted Signaling,PMID: 28356350; PMID: 25620911
Astrocyte,Oligodendrocyte,PSAP,GPR37,0.003830437569372409,0,PSAP_GPR37,PSAP - GPR37,PSAP,Secreted Signaling,PMID: 23690594
Microglia,Oligodendrocyte,PSAP,GPR37,0.0060848034432494195,0,PSAP_GPR37,PSAP - GPR37,PSAP,Secreted Signaling,PMID: 23690594
Oligodendrocyte,Astrocyte,PTPRS,NTRK3,0.029323857800709785,0,PTPRS_NTRK3,PTPRS - NTRK3,PTPR,Secreted Signaling,PMID:21262467;PMID:25385546;
Oligodendrocyte,Pericyte,PTPRS,NTRK3,0.013872387342150846,0,PTPRS_NTRK3,PTPRS - NTRK3,PTPR,Secreted Signaling,PMID:21262467;PMID:25385546;
Pericyte,Astrocyte,Glu-SLC1A3_GLS,GRIA2,0.02061018611018269,0,Glutamate-Glu-SLC1A3_GLS_GRIA2,Glu-(SLC1A3+GLS) - GRIA2,Glutamate,Non-protein Signaling,PMID: 24155668;PMID: 14612154
Pericyte,Oligodendrocyte,Glu-SLC1A3_GLS,GRIA4,0.01475918160594432,0,Glutamate-Glu-SLC1A3_GLS_GRIA4,Glu-(SLC1A3+GLS) - GRIA4,Glutamate,Non-protein Signaling,PMID: 24155668;PMID: 14612154
Pericyte,Astrocyte,Glu-SLC1A3_GLS,GRM3,0.022362941537827908,0.03,Glutamate-Glu-SLC1A3_GLS_GRM3,Glu-(SLC1A3+GLS) - GRM3,Glutamate,Non-protein Signaling,PMID: 24155668;PMID: 14612154
Pericyte,Oligodendrocyte,Glu-SLC1A3_GLS,GRM3,0.07564602641633097,0,Glutamate-Glu-SLC1A3_GLS_GRM3,Glu-(SLC1A3+GLS) - GRM3,Glutamate,Non-protein Signaling,PMID: 24155668;PMID: 14612154
Pericyte,Pericyte,Glu-SLC1A3_GLS,GRM3,0.09347304345285522,0,Glutamate-Glu-SLC1A3_GLS_GRM3,Glu-(SLC1A3+GLS) - GRM3,Glutamate,Non-protein Signaling,PMID: 24155668;PMID: 14612154
Pericyte,Pericyte,Glu-SLC1A3_GLS,GRM8,0.09206088948531077,0,Glutamate-Glu-SLC1A3_GLS_GRM8,Glu-(SLC1A3+GLS) - GRM8,Glutamate,Non-protein Signaling,PMID: 24155668;PMID: 14612154
Astrocyte,Astrocyte,RA-ALDH1A1,RORB,0.007428896415874337,0,RetinoicAcid-RA-ALDH1A1_RORB,RA-ALDH1A1 - RORB,RA,Non-protein Signaling,uniprot
Oligodendrocyte,Astrocyte,Cholesterol-LIPA,RORA,0.09667761577471966,0,Cholesterol-Cholesterol-LIPA_RORA,CHOLESTEROL-LIPA - RORA,Cholesterol,Non-protein Signaling,HMRbase;PMID:12467577;PDB:1N83
Oligodendrocyte,Endothelial,Cholesterol-LIPA,RORA,0.04873952419027059,0,Cholesterol-Cholesterol-LIPA_RORA,CHOLESTEROL-LIPA - RORA,Cholesterol,Non-protein Signaling,HMRbase;PMID:12467577;PDB:1N83
Oligodendrocyte,Microglia,Cholesterol-LIPA,RORA,0.01723099615579431,0,Cholesterol-Cholesterol-LIPA_RORA,CHOLESTEROL-LIPA - RORA,Cholesterol,Non-protein Signaling,HMRbase;PMID:12467577;PDB:1N83
Oligodendrocyte,Oligodendrocyte,Cholesterol-LIPA,RORA,0.01587341050589398,0,Cholesterol-Cholesterol-LIPA_RORA,CHOLESTEROL-LIPA - RORA,Cholesterol,Non-protein Signaling,HMRbase;PMID:12467577;PDB:1N83
Oligodendrocyte,Pericyte,Cholesterol-LIPA,RORA,0.10370574181245311,0,Cholesterol-Cholesterol-LIPA_RORA,CHOLESTEROL-LIPA - RORA,Cholesterol,Non-protein Signaling,HMRbase;PMID:12467577;PDB:1N83
Astrocyte,Astrocyte,CADM1,CADM1,0.28524457774084194,0,CADM1_CADM1,CADM1 - CADM1,CADM,Cell-Cell Contact,PMID: 24503895
Oligodendrocyte,Astrocyte,CADM1,CADM1,0.20556161856754993,0,CADM1_CADM1,CADM1 - CADM1,CADM,Cell-Cell Contact,PMID: 24503895
Astrocyte,Oligodendrocyte,CADM1,CADM1,0.20556161856754993,0,CADM1_CADM1,CADM1 - CADM1,CADM,Cell-Cell Contact,PMID: 24503895
Oligodendrocyte,Oligodendrocyte,CADM1,CADM1,0.14366398023025043,0,CADM1_CADM1,CADM1 - CADM1,CADM,Cell-Cell Contact,PMID: 24503895
Microglia,Oligodendrocyte,PTPRC,CD22,0.019321900272280198,0,PTPRC_CD22,PTPRC - CD22,CD45,Cell-Cell Contact,PMID: 12115612
Endothelial,Pericyte,CD46,JAG1,0.014132080872851269,0,CD46_JAG1,CD46 - JAG1,CD46,Cell-Cell Contact,PMID: 23086448
Astrocyte,Astrocyte,CDH4,CDH4,0.011658349153580508,0,CDH4_CDH4,CDH4 - CDH4,CDH,Cell-Cell Contact,KEGG: hsa04514
Astrocyte,Astrocyte,CDH2,CDH2,0.011467488922336372,0,CDH2_CDH2,CDH2 - CDH2,CDH,Cell-Cell Contact,KEGG: hsa04514
Endothelial,Astrocyte,CDH2,CDH2,0.01296914206539743,0,CDH2_CDH2,CDH2 - CDH2,CDH,Cell-Cell Contact,KEGG: hsa04514
Astrocyte,Endothelial,CDH2,CDH2,0.01296914206539743,0,CDH2_CDH2,CDH2 - CDH2,CDH,Cell-Cell Contact,KEGG: hsa04514
Endothelial,Endothelial,CDH2,CDH2,0.014664517708599067,0,CDH2_CDH2,CDH2 - CDH2,CDH,Cell-Cell Contact,KEGG: hsa04514
Oligodendrocyte,Oligodendrocyte,CNTN2,CNTN2_CNTNAP2,0.019677420303333793,0,CNTN2_CNTN2_CNTNAP2,CNTN2 - (CNTN2+CNTNAP2),CNTN,Cell-Cell Contact,KEGG: hsa04514
Oligodendrocyte,Oligodendrocyte,CNTN2,CNTN2,0.018099333386384437,0,CNTN2_CNTN2,CNTN2 - CNTN2,CNTN,Cell-Cell Contact,KEGG: hsa04514
Astrocyte,Astrocyte,CNTN1,NRCAM,0.161590117339113,0,CNTN1_NRCAM,CNTN1 - NRCAM,CNTN,Cell-Cell Contact,KEGG: hsa04514
Pericyte,Astrocyte,CNTN1,NRCAM,0.03926065917585725,0,CNTN1_NRCAM,CNTN1 - NRCAM,CNTN,Cell-Cell Contact,KEGG: hsa04514
Astrocyte,Endothelial,EFNA5,EPHA4,0.015989346079619646,0,EFNA5_EPHA4,EFNA5 - EPHA4,EPHA,Cell-Cell Contact,PMID: 15114347
Oligodendrocyte,Oligodendrocyte,JAM3,JAM3,0.014176060793394596,0,JAM3_JAM3,JAM3 - JAM3,JAM,Cell-Cell Contact,KEGG: hsa04514
Astrocyte,Astrocyte,NCAM1,NCAM1,0.16532684857619054,0,NCAM1_NCAM1,NCAM1 - NCAM1,NCAM,Cell-Cell Contact,KEGG: hsa04514
Oligodendrocyte,Astrocyte,NCAM1,NCAM1,0.2193836068269995,0,NCAM1_NCAM1,NCAM1 - NCAM1,NCAM,Cell-Cell Contact,KEGG: hsa04514
Astrocyte,Oligodendrocyte,NCAM1,NCAM1,0.2193836068269995,0,NCAM1_NCAM1,NCAM1 - NCAM1,NCAM,Cell-Cell Contact,KEGG: hsa04514
Oligodendrocyte,Oligodendrocyte,NCAM1,NCAM1,0.28507848095019583,0,NCAM1_NCAM1,NCAM1 - NCAM1,NCAM,Cell-Cell Contact,KEGG: hsa04514
Astrocyte,Astrocyte,NCAM1,NCAM2,0.21748762805795324,0,NCAM1_NCAM2,NCAM1 - NCAM2,NCAM,Cell-Cell Contact,KEGG: hsa04514
Oligodendrocyte,Astrocyte,NCAM1,NCAM2,0.2828204472471063,0,NCAM1_NCAM2,NCAM1 - NCAM2,NCAM,Cell-Cell Contact,KEGG: hsa04514
Astrocyte,Oligodendrocyte,NCAM1,NCAM2,0.2558401764510894,0,NCAM1_NCAM2,NCAM1 - NCAM2,NCAM,Cell-Cell Contact,KEGG: hsa04514
Oligodendrocyte,Oligodendrocyte,NCAM1,NCAM2,0.3278667970611779,0,NCAM1_NCAM2,NCAM1 - NCAM2,NCAM,Cell-Cell Contact,KEGG: hsa04514
Pericyte,Astrocyte,JAG1,NOTCH2,0.010613734038967829,0,JAG1_NOTCH2,JAG1 - NOTCH2,NOTCH,Cell-Cell Contact,PMID: 22353464
Pericyte,Pericyte,JAG1,NOTCH3,0.04488432045708531,0,JAG1_NOTCH3,JAG1 - NOTCH3,NOTCH,Cell-Cell Contact,PMID: 22353464
Pericyte,Endothelial,JAG1,NOTCH4,0.013674490732081357,0,JAG1_NOTCH4,JAG1 - NOTCH4,NOTCH,Cell-Cell Contact,PMID: 22353464
Astrocyte,Oligodendrocyte,NRXN1,NLGN1,0.28737283520713974,0,NRXN1_NLGN1,NRXN1 - NLGN1,NRXN,Cell-Cell Contact,KEGG: hsa04514
Astrocyte,Oligodendrocyte,NRXN3,NLGN1,0.03916139615133762,0,NRXN3_NLGN1,NRXN3 - NLGN1,NRXN,Cell-Cell Contact,KEGG: hsa04514
Oligodendrocyte,Oligodendrocyte,NRXN3,NLGN1,0.1978568916649751,0,NRXN3_NLGN1,NRXN3 - NLGN1,NRXN,Cell-Cell Contact,KEGG: hsa04514
Endothelial,Endothelial,PECAM1,PECAM1,0.016191476774250393,0,PECAM1_PECAM1,PECAM1 - PECAM1,PECAM1,Cell-Cell Contact,KEGG: hsa04514
Endothelial,Astrocyte,PTPRM,PTPRM,0.07034268614798335,0,PTPRM_PTPRM,PTPRM - PTPRM,PTPRM,Cell-Cell Contact,KEGG: hsa04514
Astrocyte,Endothelial,PTPRM,PTPRM,0.07034268614798335,0,PTPRM_PTPRM,PTPRM - PTPRM,PTPRM,Cell-Cell Contact,KEGG: hsa04514
Endothelial,Endothelial,PTPRM,PTPRM,0.31556261072273173,0,PTPRM_PTPRM,PTPRM - PTPRM,PTPRM,Cell-Cell Contact,KEGG: hsa04514
Microglia,Endothelial,PTPRM,PTPRM,0.07225431910544428,0,PTPRM_PTPRM,PTPRM - PTPRM,PTPRM,Cell-Cell Contact,KEGG: hsa04514
Pericyte,Endothelial,PTPRM,PTPRM,0.0836485112978649,0,PTPRM_PTPRM,PTPRM - PTPRM,PTPRM,Cell-Cell Contact,KEGG: hsa04514
Endothelial,Microglia,PTPRM,PTPRM,0.07225431910544428,0,PTPRM_PTPRM,PTPRM - PTPRM,PTPRM,Cell-Cell Contact,KEGG: hsa04514
Endothelial,Pericyte,PTPRM,PTPRM,0.0836485112978649,0,PTPRM_PTPRM,PTPRM - PTPRM,PTPRM,Cell-Cell Contact,KEGG: hsa04514
Oligodendrocyte,Astrocyte,SEMA4D,PLXNB1,0.011321099868390696,0,SEMA4D_PLXNB1,SEMA4D - PLXNB1,SEMA4,Cell-Cell Contact,PMID: 27533782
Oligodendrocyte,Astrocyte,SEMA6A,PLXNA2,0.011703714008867135,0,SEMA6A_PLXNA2,SEMA6A - PLXNA2,SEMA6,Cell-Cell Contact,PMID: 27533782
Oligodendrocyte,Endothelial,SEMA6A,PLXNA2,0.018797162318237293,0,SEMA6A_PLXNA2,SEMA6A - PLXNA2,SEMA6,Cell-Cell Contact,PMID: 27533782
Astrocyte,Astrocyte,GJA1,GJA1,0.01025510410736211,0,GJA1_GJA1,GJA1 - GJA1,GAP,Cell-Cell Contact,PMID: 32532966;PMID: 15094344
Pericyte,Astrocyte,GJC1,GJA1,0.015870936479015323,0,GJC1_GJA1,GJC1 - GJA1,GAP,Cell-Cell Contact,PMID: 32532966;PMID: 15094344
Pericyte,Pericyte,GJC1,GJC1,0.024485991755244504,0,GJC1_GJC1,GJC1 - GJC1,GAP,Cell-Cell Contact,PMID: 32532966;PMID: 15094344
Astrocyte,Endothelial,FLRT2,ADGRL2,0.04434073665011069,0,FLRT2_ADGRL2,FLRT2 - ADGRL2,ADGRL,Cell-Cell Contact,PMID: 25728924;PMID: 34022279;PMID: 27091502;PMID: 35907405
Astrocyte,Endothelial,TENM2,ADGRL2,0.04857192445658386,0,TENM2_ADGRL2,TENM2 - ADGRL2,ADGRL,Cell-Cell Contact,PMID: 25728924;PMID: 34022279;PMID: 27091502;PMID: 35907405
Astrocyte,Endothelial,TENM4,ADGRL2,0.010952416497486482,0,TENM4_ADGRL2,TENM4 - ADGRL2,ADGRL,Cell-Cell Contact,PMID: 25728924;PMID: 34022279;PMID: 27091502;PMID: 35907405
Astrocyte,Astrocyte,FLRT2,ADGRL3,0.16430827683355886,0,FLRT2_ADGRL3,FLRT2 - ADGRL3,ADGRL,Cell-Cell Contact,PMID: 25728924;PMID: 34022279;PMID: 27091502;PMID: 35907405
Astrocyte,Endothelial,FLRT2,ADGRL3,0.036439307862401946,0,FLRT2_ADGRL3,FLRT2 - ADGRL3,ADGRL,Cell-Cell Contact,PMID: 25728924;PMID: 34022279;PMID: 27091502;PMID: 35907405
Astrocyte,Oligodendrocyte,FLRT2,ADGRL3,0.09733764139666252,0,FLRT2_ADGRL3,FLRT2 - ADGRL3,ADGRL,Cell-Cell Contact,PMID: 25728924;PMID: 34022279;PMID: 27091502;PMID: 35907405
Astrocyte,Pericyte,FLRT2,ADGRL3,0.12802332393276122,0,FLRT2_ADGRL3,FLRT2 - ADGRL3,ADGRL,Cell-Cell Contact,PMID: 25728924;PMID: 34022279;PMID: 27091502;PMID: 35907405
Astrocyte,Astrocyte,TENM2,ADGRL3,0.17785675051298552,0,TENM2_ADGRL3,TENM2 - ADGRL3,ADGRL,Cell-Cell Contact,PMID: 25728924;PMID: 34022279;PMID: 27091502;PMID: 35907405
Astrocyte,Endothelial,TENM2,ADGRL3,0.039948024535331333,0,TENM2_ADGRL3,TENM2 - ADGRL3,ADGRL,Cell-Cell Contact,PMID: 25728924;PMID: 34022279;PMID: 27091502;PMID: 35907405
Astrocyte,Oligodendrocyte,TENM2,ADGRL3,0.106064748739303,0,TENM2_ADGRL3,TENM2 - ADGRL3,ADGRL,Cell-Cell Contact,PMID: 25728924;PMID: 34022279;PMID: 27091502;PMID: 35907405
Astrocyte,Pericyte,TENM2,ADGRL3,0.13907775671270203,0,TENM2_ADGRL3,TENM2 - ADGRL3,ADGRL,Cell-Cell Contact,PMID: 25728924;PMID: 34022279;PMID: 27091502;PMID: 35907405
Astrocyte,Astrocyte,TENM4,ADGRL3,0.04482193636223699,0,TENM4_ADGRL3,TENM4 - ADGRL3,ADGRL,Cell-Cell Contact,PMID: 25728924;PMID: 34022279;PMID: 27091502;PMID: 35907405
Astrocyte,Endothelial,TENM4,ADGRL3,0.00894502839075334,0,TENM4_ADGRL3,TENM4 - ADGRL3,ADGRL,Cell-Cell Contact,PMID: 25728924;PMID: 34022279;PMID: 27091502;PMID: 35907405
Astrocyte,Oligodendrocyte,TENM4,ADGRL3,0.025090691888337513,0,TENM4_ADGRL3,TENM4 - ADGRL3,ADGRL,Cell-Cell Contact,PMID: 25728924;PMID: 34022279;PMID: 27091502;PMID: 35907405
Astrocyte,Pericyte,TENM4,ADGRL3,0.03385474824983908,0,TENM4_ADGRL3,TENM4 - ADGRL3,ADGRL,Cell-Cell Contact,PMID: 25728924;PMID: 34022279;PMID: 27091502;PMID: 35907405
Astrocyte,Astrocyte,FLRT2,FLRT2,0.08968605119215031,0,FLRT2_FLRT2,FLRT2 - FLRT2,FLRT,Cell-Cell Contact,PMID: 27091502
Astrocyte,Astrocyte,FLRT2,UNC5C,0.03596025232279097,0,FLRT2_UNC5C,FLRT2 - UNC5C,UNC5,Cell-Cell Contact,PMID: 27091502
Astrocyte,Oligodendrocyte,FLRT2,UNC5C,0.1715327094857314,0,FLRT2_UNC5C,FLRT2 - UNC5C,UNC5,Cell-Cell Contact,PMID: 27091502
Astrocyte,Pericyte,FLRT2,UNC5C,0.045807073711857015,0,FLRT2_UNC5C,FLRT2 - UNC5C,UNC5,Cell-Cell Contact,PMID: 27091502
Astrocyte,Astrocyte,NRXN1,LRRTM4,0.06296169985545384,0,NRXN1_LRRTM4,NRXN1 - LRRTM4,NRXN,Cell-Cell Contact,PMID:20519524;PMID:20064387;PMID:20064388;
Astrocyte,Astrocyte,NRXN3,LRRTM4,0.006745343886115151,0,NRXN3_LRRTM4,NRXN3 - LRRTM4,NRXN,Cell-Cell Contact,PMID:20519524;PMID:20064387;PMID:20064388;
Oligodendrocyte,Astrocyte,NRXN3,LRRTM4,0.039476887828085165,0,NRXN3_LRRTM4,NRXN3 - LRRTM4,NRXN,Cell-Cell Contact,PMID:20519524;PMID:20064387;PMID:20064388;
Oligodendrocyte,Astrocyte,PTPRS,LRRTM4,0.0067170075338148245,0,LRRTM4_PTPRS,PTPRS - LRRTM4,PTPR,Cell-Cell Contact,PMID:31995730
Oligodendrocyte,Astrocyte,APP,SORL1,0.02763105491930874,0,APP_SORL1,APP - SORL1,APP,Cell-Cell Contact,PMID: 24523320
Astrocyte,Microglia,APP,SORL1,0.04056773709373016,0,APP_SORL1,APP - SORL1,APP,Cell-Cell Contact,PMID: 24523320
Endothelial,Microglia,APP,SORL1,0.06840324960588692,0,APP_SORL1,APP - SORL1,APP,Cell-Cell Contact,PMID: 24523320
Oligodendrocyte,Microglia,APP,SORL1,0.16155482140023275,0,APP_SORL1,APP - SORL1,APP,Cell-Cell Contact,PMID: 24523320
Pericyte,Microglia,APP,SORL1,0.048063798530457974,0,APP_SORL1,APP - SORL1,APP,Cell-Cell Contact,PMID: 24523320
Astrocyte,Astrocyte,CNTN1,NOTCH2,0.045124450409419196,0,CNTN1_NOTCH2,CNTN1 - NOTCH2,CNTN,Cell-Cell Contact,reactome;PMID:14567914;PMID: 33957164
Pericyte,Astrocyte,CNTN1,NOTCH2,0.00992039289473338,0,CNTN1_NOTCH2,CNTN1 - NOTCH2,CNTN,Cell-Cell Contact,reactome;PMID:14567914;PMID: 33957164
