gsm,title,filename,region,condition,size_mb,cells
GSM4982083,Control 1 Hpc,GSM4982083_01_10_C_filtered_feature_bc_matrix.tar.gz,Hippocampus (Hpc),Control,34.99,12142
GSM4982084,AD 1 Hpc,GSM4982084_01_05_AD_filtered_feature_bc_matrix.tar.gz,Hippocampus (Hpc),AD,62.85,18839
GSM4982085,Control 2 Hpc,GSM4982085_01_06_C_filtered_feature_bc_matrix.tar.gz,Hippocampus (Hpc),Control,12.3,11048
GSM4982086,Control 3 Hpc,GSM4982086_01_09_C_filtered_feature_bc_matrix.tar.gz,Hippocampus (Hpc),Control,43.02,10039
GSM4982087,Control 4 Hpc,GSM4982087_02_11_C_filtered_feature_bc_matrix.tar.gz,Hippocampus (Hpc),Control,67.34,19098
GSM4982088,Control 5 Hpc,GSM4982088_02_01_C_filtered_feature_bc_matrix.tar.gz,Hippocampus (Hpc),Control,80.48,23227
GSM4982089,AD 2 Hpc,GSM4982089_02_04_filtered_feature_bc_matrix.tar.gz,Hippocampus (Hpc),AD,20.97,10600
GSM4982090,AD 3 Hpc,GSM4982090_03_02_AD_filtered_feature_bc_matrix.tar.gz,Hippocampus (Hpc),AD,14.22,9101
GSM4982091,Control 6 Hpc,GSM4982091_03_03_C_filtered_feature_bc_matrix.tar.gz,Hippocampus (Hpc),Control,19.39,9190
GSM4982092,Control 7 Hpc,GSM4982092_03_09_C_filtered_feature_bc_matrix.tar.gz,Hippocampus (Hpc),Control,37.58,10929
GSM4982093,AD 4 Hpc,GSM4982093_04_11_AD_filtered_feature_bc_matrix.tar.gz,Hippocampus (Hpc),AD,24.89,11435
GSM4982094,AD 5 Hpc,GSM4982094_04_13_AD_filtered_feature_bc_matrix.tar.gz,Hippocampus (Hpc),AD,21.4,10902
GSM4982095,AD 6 Hpc,GSM4982095_04_15_AD_filtered_feature_bc_matrix.tar.gz,Hippocampus (Hpc),AD,7.32,4893
GSM4982096,Control 8 Hpc,GSM4982096_04_09_C_filtered_feature_bc_matrix.tar.gz,Hippocampus (Hpc),Control,13.38,8884
GSM4982097,AD 7 Hpc,GSM4982097_05_10_AD_filtered_feature_bc_matrix.tar.gz,Hippocampus (Hpc),AD,12.72,6279
GSM4982098,AD 8 Hpc,GSM4982098_05_04_AD_filtered_feature_bc_matrix.tar.gz,Hippocampus (Hpc),AD,4.89,1899
GSM4982099,AD 9 Hpc,GSM4982099_H2004_AD_filtered_feature_bc_matrix.tar.gz,Hippocampus (Hpc),AD,95.5,24953
GSM4982100,Control 1 Ctx,GSM4982100_O1_1OC_Ctx_filtered_feature_bc_matrix.tar.gz,Cortex (Ctx),Control,33.74,12992
GSM4982101,Control 2 Ctx,GSM4982101_O3_O3C_Ctx_filtered_feature_bc_matrix.tar.gz,Cortex (Ctx),Control,34.29,11259
GSM4982102,Control 3 Ctx,GSM4982102_O3_O9C_Ctx_filtered_feature_bc_matrix.tar.gz,Cortex (Ctx),Control,51.66,15069
GSM4982103,AD 1 Ctx,GSM4982103_O4_11AD_Ctx_filtered_feature_bc_matrix.tar.gz,Cortex (Ctx),AD,82.55,17215
GSM4982104,AD 2 Ctx,GSM4982104_O4_13AD_Ctx_filtered_feature_bc_matrix.tar.gz,Cortex (Ctx),AD,82.14,20144
GSM4982105,AD 3 Ctx,GSM4982105_O4_15AD_Ctx_filtered_feature_bc_matrix.tar.gz,Cortex (Ctx),AD,35.2,12105
GSM4982106,Control 4 Ctx,GSM4982106_O4_O9C_Ctx_filtered_feature_bc_matrix.tar.gz,Cortex (Ctx),Control,48.19,14774
GSM4982107,AD 4 Ctx,GSM4982107_O5_1OAD_Ctx_filtered_feature_bc_matrix.tar.gz,Cortex (Ctx),AD,31.61,12433
